Number,Description
1,"Metaphysical vibration of 1, representing qualities such as strength, clarity, growth, integration."
2,"Metaphysical vibration of 2, representing qualities such as clarity, growth, integration."
3,"Metaphysical vibration of 3, representing qualities such as growth, integration."
4,"Metaphysical vibration of 4, representing qualities such as integration."
5,"Metaphysical vibration of 5, representing qualities such as wisdom, strength, clarity, growth, integration."
6,"Metaphysical vibration of 6, representing qualities such as strength, clarity, growth, integration."
7,"Metaphysical vibration of 7, representing qualities such as clarity, growth, integration."
8,"Metaphysical vibration of 8, representing qualities such as growth, integration."
9,"Metaphysical vibration of 9, representing qualities such as integration."
10,"Metaphysical vibration of 10, representing qualities such as wisdom, strength, clarity, growth, integration."
11,"Metaphysical vibration of 11, representing qualities such as strength, clarity, growth, integration."
12,"Metaphysical vibration of 12, representing qualities such as clarity, growth, integration."
13,"Metaphysical vibration of 13, representing qualities such as growth, integration."
14,"Metaphysical vibration of 14, representing qualities such as integration."
15,"Metaphysical vibration of 15, representing qualities such as wisdom, strength, clarity, growth, integration."
16,"Metaphysical vibration of 16, representing qualities such as strength, clarity, growth, integration."
17,"Metaphysical vibration of 17, representing qualities such as clarity, growth, integration."
18,"Metaphysical vibration of 18, representing qualities such as growth, integration."
19,"Metaphysical vibration of 19, representing qualities such as integration."
20,"Metaphysical vibration of 20, representing qualities such as wisdom, strength, clarity, growth, integration."
21,"Metaphysical vibration of 21, representing qualities such as strength, clarity, growth, integration."
22,"Metaphysical vibration of 22, representing qualities such as clarity, growth, integration."
23,"Metaphysical vibration of 23, representing qualities such as growth, integration."
24,"Metaphysical vibration of 24, representing qualities such as integration."
25,"Metaphysical vibration of 25, representing qualities such as wisdom, strength, clarity, growth, integration."
26,"Metaphysical vibration of 26, representing qualities such as strength, clarity, growth, integration."
27,"Metaphysical vibration of 27, representing qualities such as clarity, growth, integration."
28,"Metaphysical vibration of 28, representing qualities such as growth, integration."
29,"Metaphysical vibration of 29, representing qualities such as integration."
30,"Metaphysical vibration of 30, representing qualities such as wisdom, strength, clarity, growth, integration."
31,"Metaphysical vibration of 31, representing qualities such as strength, clarity, growth, integration."
32,"Metaphysical vibration of 32, representing qualities such as clarity, growth, integration."
33,"Metaphysical vibration of 33, representing qualities such as growth, integration."
34,"Metaphysical vibration of 34, representing qualities such as integration."
35,"Metaphysical vibration of 35, representing qualities such as wisdom, strength, clarity, growth, integration."
36,"Metaphysical vibration of 36, representing qualities such as strength, clarity, growth, integration."
37,"Metaphysical vibration of 37, representing qualities such as clarity, growth, integration."
38,"Metaphysical vibration of 38, representing qualities such as growth, integration."
39,"Metaphysical vibration of 39, representing qualities such as integration."
40,"Metaphysical vibration of 40, representing qualities such as wisdom, strength, clarity, growth, integration."
41,"Metaphysical vibration of 41, representing qualities such as strength, clarity, growth, integration."
42,"Metaphysical vibration of 42, representing qualities such as clarity, growth, integration."
43,"Metaphysical vibration of 43, representing qualities such as growth, integration."
44,"Metaphysical vibration of 44, representing qualities such as integration."
45,"Metaphysical vibration of 45, representing qualities such as wisdom, strength, clarity, growth, integration."
46,"Metaphysical vibration of 46, representing qualities such as strength, clarity, growth, integration."
47,"Metaphysical vibration of 47, representing qualities such as clarity, growth, integration."
48,"Metaphysical vibration of 48, representing qualities such as growth, integration."
49,"Metaphysical vibration of 49, representing qualities such as integration."
50,"Metaphysical vibration of 50, representing qualities such as wisdom, strength, clarity, growth, integration."
51,"Metaphysical vibration of 51, representing qualities such as strength, clarity, growth, integration."
52,"Metaphysical vibration of 52, representing qualities such as clarity, growth, integration."
53,"Metaphysical vibration of 53, representing qualities such as growth, integration."
54,"Metaphysical vibration of 54, representing qualities such as integration."
55,"Metaphysical vibration of 55, representing qualities such as wisdom, strength, clarity, growth, integration."
56,"Metaphysical vibration of 56, representing qualities such as strength, clarity, growth, integration."
57,"Metaphysical vibration of 57, representing qualities such as clarity, growth, integration."
58,"Metaphysical vibration of 58, representing qualities such as growth, integration."
59,"Metaphysical vibration of 59, representing qualities such as integration."
60,"Metaphysical vibration of 60, representing qualities such as wisdom, strength, clarity, growth, integration."
61,"Metaphysical vibration of 61, representing qualities such as strength, clarity, growth, integration."
62,"Metaphysical vibration of 62, representing qualities such as clarity, growth, integration."
63,"Metaphysical vibration of 63, representing qualities such as growth, integration."
64,"Metaphysical vibration of 64, representing qualities such as integration."
65,"Metaphysical vibration of 65, representing qualities such as wisdom, strength, clarity, growth, integration."
66,"Metaphysical vibration of 66, representing qualities such as strength, clarity, growth, integration."
67,"Metaphysical vibration of 67, representing qualities such as clarity, growth, integration."
68,"Metaphysical vibration of 68, representing qualities such as growth, integration."
69,"Metaphysical vibration of 69, representing qualities such as integration."
70,"Metaphysical vibration of 70, representing qualities such as wisdom, strength, clarity, growth, integration."
71,"Metaphysical vibration of 71, representing qualities such as strength, clarity, growth, integration."
72,"Metaphysical vibration of 72, representing qualities such as clarity, growth, integration."
73,"Metaphysical vibration of 73, representing qualities such as growth, integration."
74,"Metaphysical vibration of 74, representing qualities such as integration."
75,"Metaphysical vibration of 75, representing qualities such as wisdom, strength, clarity, growth, integration."
76,"Metaphysical vibration of 76, representing qualities such as strength, clarity, growth, integration."
77,"Metaphysical vibration of 77, representing qualities such as clarity, growth, integration."
78,"Metaphysical vibration of 78, representing qualities such as growth, integration."
79,"Metaphysical vibration of 79, representing qualities such as integration."
80,"Metaphysical vibration of 80, representing qualities such as wisdom, strength, clarity, growth, integration."
81,"Metaphysical vibration of 81, representing qualities such as strength, clarity, growth, integration."
82,"Metaphysical vibration of 82, representing qualities such as clarity, growth, integration."
83,"Metaphysical vibration of 83, representing qualities such as growth, integration."
84,"Metaphysical vibration of 84, representing qualities such as integration."
85,"Metaphysical vibration of 85, representing qualities such as wisdom, strength, clarity, growth, integration."
86,"Metaphysical vibration of 86, representing qualities such as strength, clarity, growth, integration."
87,"Metaphysical vibration of 87, representing qualities such as clarity, growth, integration."
88,"Metaphysical vibration of 88, representing qualities such as growth, integration."
89,"Metaphysical vibration of 89, representing qualities such as integration."
90,"Metaphysical vibration of 90, representing qualities such as wisdom, strength, clarity, growth, integration."
91,"Metaphysical vibration of 91, representing qualities such as strength, clarity, growth, integration."
92,"Metaphysical vibration of 92, representing qualities such as clarity, growth, integration."
93,"Metaphysical vibration of 93, representing qualities such as growth, integration."
94,"Metaphysical vibration of 94, representing qualities such as integration."
95,"Metaphysical vibration of 95, representing qualities such as wisdom, strength, clarity, growth, integration."
96,"Metaphysical vibration of 96, representing qualities such as strength, clarity, growth, integration."
97,"Metaphysical vibration of 97, representing qualities such as clarity, growth, integration."
98,"Metaphysical vibration of 98, representing qualities such as growth, integration."
99,"Metaphysical vibration of 99, representing qualities such as integration."
100,"Metaphysical vibration of 100, representing qualities such as wisdom, strength, clarity, growth, integration."
101,"Metaphysical vibration of 101, representing qualities such as strength, clarity, growth, integration."
102,"Metaphysical vibration of 102, representing qualities such as clarity, growth, integration."
103,"Metaphysical vibration of 103, representing qualities such as growth, integration."
104,"Metaphysical vibration of 104, representing qualities such as integration."
105,"Metaphysical vibration of 105, representing qualities such as wisdom, strength, clarity, growth, integration."
106,"Metaphysical vibration of 106, representing qualities such as strength, clarity, growth, integration."
107,"Metaphysical vibration of 107, representing qualities such as clarity, growth, integration."
108,"Metaphysical vibration of 108, representing qualities such as growth, integration."
109,"Metaphysical vibration of 109, representing qualities such as integration."
110,"Metaphysical vibration of 110, representing qualities such as wisdom, strength, clarity, growth, integration."
111,"Metaphysical vibration of 111, representing qualities such as strength, clarity, growth, integration."
112,"Metaphysical vibration of 112, representing qualities such as clarity, growth, integration."
113,"Metaphysical vibration of 113, representing qualities such as growth, integration."
114,"Metaphysical vibration of 114, representing qualities such as integration."
115,"Metaphysical vibration of 115, representing qualities such as wisdom, strength, clarity, growth, integration."
116,"Metaphysical vibration of 116, representing qualities such as strength, clarity, growth, integration."
117,"Metaphysical vibration of 117, representing qualities such as clarity, growth, integration."
118,"Metaphysical vibration of 118, representing qualities such as growth, integration."
119,"Metaphysical vibration of 119, representing qualities such as integration."
120,"Metaphysical vibration of 120, representing qualities such as wisdom, strength, clarity, growth, integration."
121,"Metaphysical vibration of 121, representing qualities such as strength, clarity, growth, integration."
122,"Metaphysical vibration of 122, representing qualities such as clarity, growth, integration."
123,"Metaphysical vibration of 123, representing qualities such as growth, integration."
124,"Metaphysical vibration of 124, representing qualities such as integration."
125,"Metaphysical vibration of 125, representing qualities such as wisdom, strength, clarity, growth, integration."
126,"Metaphysical vibration of 126, representing qualities such as strength, clarity, growth, integration."
127,"Metaphysical vibration of 127, representing qualities such as clarity, growth, integration."
128,"Metaphysical vibration of 128, representing qualities such as growth, integration."
129,"Metaphysical vibration of 129, representing qualities such as integration."
130,"Metaphysical vibration of 130, representing qualities such as wisdom, strength, clarity, growth, integration."
131,"Metaphysical vibration of 131, representing qualities such as strength, clarity, growth, integration."
132,"Metaphysical vibration of 132, representing qualities such as clarity, growth, integration."
133,"Metaphysical vibration of 133, representing qualities such as growth, integration."
134,"Metaphysical vibration of 134, representing qualities such as integration."
135,"Metaphysical vibration of 135, representing qualities such as wisdom, strength, clarity, growth, integration."
136,"Metaphysical vibration of 136, representing qualities such as strength, clarity, growth, integration."
137,"Metaphysical vibration of 137, representing qualities such as clarity, growth, integration."
138,"Metaphysical vibration of 138, representing qualities such as growth, integration."
139,"Metaphysical vibration of 139, representing qualities such as integration."
140,"Metaphysical vibration of 140, representing qualities such as wisdom, strength, clarity, growth, integration."
141,"Metaphysical vibration of 141, representing qualities such as strength, clarity, growth, integration."
142,"Metaphysical vibration of 142, representing qualities such as clarity, growth, integration."
143,"Metaphysical vibration of 143, representing qualities such as growth, integration."
144,"Metaphysical vibration of 144, representing qualities such as integration."
145,"Metaphysical vibration of 145, representing qualities such as wisdom, strength, clarity, growth, integration."
146,"Metaphysical vibration of 146, representing qualities such as strength, clarity, growth, integration."
147,"Metaphysical vibration of 147, representing qualities such as clarity, growth, integration."
148,"Metaphysical vibration of 148, representing qualities such as growth, integration."
149,"Metaphysical vibration of 149, representing qualities such as integration."
150,"Metaphysical vibration of 150, representing qualities such as wisdom, strength, clarity, growth, integration."
151,"Metaphysical vibration of 151, representing qualities such as strength, clarity, growth, integration."
152,"Metaphysical vibration of 152, representing qualities such as clarity, growth, integration."
153,"Metaphysical vibration of 153, representing qualities such as growth, integration."
154,"Metaphysical vibration of 154, representing qualities such as integration."
155,"Metaphysical vibration of 155, representing qualities such as wisdom, strength, clarity, growth, integration."
156,"Metaphysical vibration of 156, representing qualities such as strength, clarity, growth, integration."
157,"Metaphysical vibration of 157, representing qualities such as clarity, growth, integration."
158,"Metaphysical vibration of 158, representing qualities such as growth, integration."
159,"Metaphysical vibration of 159, representing qualities such as integration."
160,"Metaphysical vibration of 160, representing qualities such as wisdom, strength, clarity, growth, integration."
161,"Metaphysical vibration of 161, representing qualities such as strength, clarity, growth, integration."
162,"Metaphysical vibration of 162, representing qualities such as clarity, growth, integration."
163,"Metaphysical vibration of 163, representing qualities such as growth, integration."
164,"Metaphysical vibration of 164, representing qualities such as integration."
165,"Metaphysical vibration of 165, representing qualities such as wisdom, strength, clarity, growth, integration."
166,"Metaphysical vibration of 166, representing qualities such as strength, clarity, growth, integration."
167,"Metaphysical vibration of 167, representing qualities such as clarity, growth, integration."
168,"Metaphysical vibration of 168, representing qualities such as growth, integration."
169,"Metaphysical vibration of 169, representing qualities such as integration."
170,"Metaphysical vibration of 170, representing qualities such as wisdom, strength, clarity, growth, integration."
171,"Metaphysical vibration of 171, representing qualities such as strength, clarity, growth, integration."
172,"Metaphysical vibration of 172, representing qualities such as clarity, growth, integration."
173,"Metaphysical vibration of 173, representing qualities such as growth, integration."
174,"Metaphysical vibration of 174, representing qualities such as integration."
175,"Metaphysical vibration of 175, representing qualities such as wisdom, strength, clarity, growth, integration."
176,"Metaphysical vibration of 176, representing qualities such as strength, clarity, growth, integration."
177,"Metaphysical vibration of 177, representing qualities such as clarity, growth, integration."
178,"Metaphysical vibration of 178, representing qualities such as growth, integration."
179,"Metaphysical vibration of 179, representing qualities such as integration."
180,"Metaphysical vibration of 180, representing qualities such as wisdom, strength, clarity, growth, integration."
181,"Metaphysical vibration of 181, representing qualities such as strength, clarity, growth, integration."
182,"Metaphysical vibration of 182, representing qualities such as clarity, growth, integration."
183,"Metaphysical vibration of 183, representing qualities such as growth, integration."
184,"Metaphysical vibration of 184, representing qualities such as integration."
185,"Metaphysical vibration of 185, representing qualities such as wisdom, strength, clarity, growth, integration."
186,"Metaphysical vibration of 186, representing qualities such as strength, clarity, growth, integration."
187,"Metaphysical vibration of 187, representing qualities such as clarity, growth, integration."
188,"Metaphysical vibration of 188, representing qualities such as growth, integration."
189,"Metaphysical vibration of 189, representing qualities such as integration."
190,"Metaphysical vibration of 190, representing qualities such as wisdom, strength, clarity, growth, integration."
191,"Metaphysical vibration of 191, representing qualities such as strength, clarity, growth, integration."
192,"Metaphysical vibration of 192, representing qualities such as clarity, growth, integration."
193,"Metaphysical vibration of 193, representing qualities such as growth, integration."
194,"Metaphysical vibration of 194, representing qualities such as integration."
195,"Metaphysical vibration of 195, representing qualities such as wisdom, strength, clarity, growth, integration."
196,"Metaphysical vibration of 196, representing qualities such as strength, clarity, growth, integration."
197,"Metaphysical vibration of 197, representing qualities such as clarity, growth, integration."
198,"Metaphysical vibration of 198, representing qualities such as growth, integration."
199,"Metaphysical vibration of 199, representing qualities such as integration."
200,"Metaphysical vibration of 200, representing qualities such as wisdom, strength, clarity, growth, integration."
201,"Metaphysical vibration of 201, representing qualities such as strength, clarity, growth, integration."
202,"Metaphysical vibration of 202, representing qualities such as clarity, growth, integration."
203,"Metaphysical vibration of 203, representing qualities such as growth, integration."
204,"Metaphysical vibration of 204, representing qualities such as integration."
205,"Metaphysical vibration of 205, representing qualities such as wisdom, strength, clarity, growth, integration."
206,"Metaphysical vibration of 206, representing qualities such as strength, clarity, growth, integration."
207,"Metaphysical vibration of 207, representing qualities such as clarity, growth, integration."
208,"Metaphysical vibration of 208, representing qualities such as growth, integration."
209,"Metaphysical vibration of 209, representing qualities such as integration."
210,"Metaphysical vibration of 210, representing qualities such as wisdom, strength, clarity, growth, integration."
211,"Metaphysical vibration of 211, representing qualities such as strength, clarity, growth, integration."
212,"Metaphysical vibration of 212, representing qualities such as clarity, growth, integration."
213,"Metaphysical vibration of 213, representing qualities such as growth, integration."
214,"Metaphysical vibration of 214, representing qualities such as integration."
215,"Metaphysical vibration of 215, representing qualities such as wisdom, strength, clarity, growth, integration."
216,"Metaphysical vibration of 216, representing qualities such as strength, clarity, growth, integration."
217,"Metaphysical vibration of 217, representing qualities such as clarity, growth, integration."
218,"Metaphysical vibration of 218, representing qualities such as growth, integration."
219,"Metaphysical vibration of 219, representing qualities such as integration."
220,"Metaphysical vibration of 220, representing qualities such as wisdom, strength, clarity, growth, integration."
221,"Metaphysical vibration of 221, representing qualities such as strength, clarity, growth, integration."
222,"Metaphysical vibration of 222, representing qualities such as clarity, growth, integration."
223,"Metaphysical vibration of 223, representing qualities such as growth, integration."
224,"Metaphysical vibration of 224, representing qualities such as integration."
225,"Metaphysical vibration of 225, representing qualities such as wisdom, strength, clarity, growth, integration."
226,"Metaphysical vibration of 226, representing qualities such as strength, clarity, growth, integration."
227,"Metaphysical vibration of 227, representing qualities such as clarity, growth, integration."
228,"Metaphysical vibration of 228, representing qualities such as growth, integration."
229,"Metaphysical vibration of 229, representing qualities such as integration."
230,"Metaphysical vibration of 230, representing qualities such as wisdom, strength, clarity, growth, integration."
231,"Metaphysical vibration of 231, representing qualities such as strength, clarity, growth, integration."
232,"Metaphysical vibration of 232, representing qualities such as clarity, growth, integration."
233,"Metaphysical vibration of 233, representing qualities such as growth, integration."
234,"Metaphysical vibration of 234, representing qualities such as integration."
235,"Metaphysical vibration of 235, representing qualities such as wisdom, strength, clarity, growth, integration."
236,"Metaphysical vibration of 236, representing qualities such as strength, clarity, growth, integration."
237,"Metaphysical vibration of 237, representing qualities such as clarity, growth, integration."
238,"Metaphysical vibration of 238, representing qualities such as growth, integration."
239,"Metaphysical vibration of 239, representing qualities such as integration."
240,"Metaphysical vibration of 240, representing qualities such as wisdom, strength, clarity, growth, integration."
241,"Metaphysical vibration of 241, representing qualities such as strength, clarity, growth, integration."
242,"Metaphysical vibration of 242, representing qualities such as clarity, growth, integration."
243,"Metaphysical vibration of 243, representing qualities such as growth, integration."
244,"Metaphysical vibration of 244, representing qualities such as integration."
245,"Metaphysical vibration of 245, representing qualities such as wisdom, strength, clarity, growth, integration."
246,"Metaphysical vibration of 246, representing qualities such as strength, clarity, growth, integration."
247,"Metaphysical vibration of 247, representing qualities such as clarity, growth, integration."
248,"Metaphysical vibration of 248, representing qualities such as growth, integration."
249,"Metaphysical vibration of 249, representing qualities such as integration."
250,"Metaphysical vibration of 250, representing qualities such as wisdom, strength, clarity, growth, integration."
251,"Metaphysical vibration of 251, representing qualities such as strength, clarity, growth, integration."
252,"Metaphysical vibration of 252, representing qualities such as clarity, growth, integration."
253,"Metaphysical vibration of 253, representing qualities such as growth, integration."
254,"Metaphysical vibration of 254, representing qualities such as integration."
255,"Metaphysical vibration of 255, representing qualities such as wisdom, strength, clarity, growth, integration."
256,"Metaphysical vibration of 256, representing qualities such as strength, clarity, growth, integration."
257,"Metaphysical vibration of 257, representing qualities such as clarity, growth, integration."
258,"Metaphysical vibration of 258, representing qualities such as growth, integration."
259,"Metaphysical vibration of 259, representing qualities such as integration."
260,"Metaphysical vibration of 260, representing qualities such as wisdom, strength, clarity, growth, integration."
261,"Metaphysical vibration of 261, representing qualities such as strength, clarity, growth, integration."
262,"Metaphysical vibration of 262, representing qualities such as clarity, growth, integration."
263,"Metaphysical vibration of 263, representing qualities such as growth, integration."
264,"Metaphysical vibration of 264, representing qualities such as integration."
265,"Metaphysical vibration of 265, representing qualities such as wisdom, strength, clarity, growth, integration."
266,"Metaphysical vibration of 266, representing qualities such as strength, clarity, growth, integration."
267,"Metaphysical vibration of 267, representing qualities such as clarity, growth, integration."
268,"Metaphysical vibration of 268, representing qualities such as growth, integration."
269,"Metaphysical vibration of 269, representing qualities such as integration."
270,"Metaphysical vibration of 270, representing qualities such as wisdom, strength, clarity, growth, integration."
271,"Metaphysical vibration of 271, representing qualities such as strength, clarity, growth, integration."
272,"Metaphysical vibration of 272, representing qualities such as clarity, growth, integration."
273,"Metaphysical vibration of 273, representing qualities such as growth, integration."
274,"Metaphysical vibration of 274, representing qualities such as integration."
275,"Metaphysical vibration of 275, representing qualities such as wisdom, strength, clarity, growth, integration."
276,"Metaphysical vibration of 276, representing qualities such as strength, clarity, growth, integration."
277,"Metaphysical vibration of 277, representing qualities such as clarity, growth, integration."
278,"Metaphysical vibration of 278, representing qualities such as growth, integration."
279,"Metaphysical vibration of 279, representing qualities such as integration."
280,"Metaphysical vibration of 280, representing qualities such as wisdom, strength, clarity, growth, integration."
281,"Metaphysical vibration of 281, representing qualities such as strength, clarity, growth, integration."
282,"Metaphysical vibration of 282, representing qualities such as clarity, growth, integration."
283,"Metaphysical vibration of 283, representing qualities such as growth, integration."
284,"Metaphysical vibration of 284, representing qualities such as integration."
285,"Metaphysical vibration of 285, representing qualities such as wisdom, strength, clarity, growth, integration."
286,"Metaphysical vibration of 286, representing qualities such as strength, clarity, growth, integration."
287,"Metaphysical vibration of 287, representing qualities such as clarity, growth, integration."
288,"Metaphysical vibration of 288, representing qualities such as growth, integration."
289,"Metaphysical vibration of 289, representing qualities such as integration."
290,"Metaphysical vibration of 290, representing qualities such as wisdom, strength, clarity, growth, integration."
291,"Metaphysical vibration of 291, representing qualities such as strength, clarity, growth, integration."
292,"Metaphysical vibration of 292, representing qualities such as clarity, growth, integration."
293,"Metaphysical vibration of 293, representing qualities such as growth, integration."
294,"Metaphysical vibration of 294, representing qualities such as integration."
295,"Metaphysical vibration of 295, representing qualities such as wisdom, strength, clarity, growth, integration."
296,"Metaphysical vibration of 296, representing qualities such as strength, clarity, growth, integration."
297,"Metaphysical vibration of 297, representing qualities such as clarity, growth, integration."
298,"Metaphysical vibration of 298, representing qualities such as growth, integration."
299,"Metaphysical vibration of 299, representing qualities such as integration."
300,"Metaphysical vibration of 300, representing qualities such as wisdom, strength, clarity, growth, integration."
301,"Metaphysical vibration of 301, representing qualities such as strength, clarity, growth, integration."
302,"Metaphysical vibration of 302, representing qualities such as clarity, growth, integration."
303,"Metaphysical vibration of 303, representing qualities such as growth, integration."
304,"Metaphysical vibration of 304, representing qualities such as integration."
305,"Metaphysical vibration of 305, representing qualities such as wisdom, strength, clarity, growth, integration."
306,"Metaphysical vibration of 306, representing qualities such as strength, clarity, growth, integration."
307,"Metaphysical vibration of 307, representing qualities such as clarity, growth, integration."
308,"Metaphysical vibration of 308, representing qualities such as growth, integration."
309,"Metaphysical vibration of 309, representing qualities such as integration."
310,"Metaphysical vibration of 310, representing qualities such as wisdom, strength, clarity, growth, integration."
311,"Metaphysical vibration of 311, representing qualities such as strength, clarity, growth, integration."
312,"Metaphysical vibration of 312, representing qualities such as clarity, growth, integration."
313,"Metaphysical vibration of 313, representing qualities such as growth, integration."
314,"Metaphysical vibration of 314, representing qualities such as integration."
315,"Metaphysical vibration of 315, representing qualities such as wisdom, strength, clarity, growth, integration."
316,"Metaphysical vibration of 316, representing qualities such as strength, clarity, growth, integration."
317,"Metaphysical vibration of 317, representing qualities such as clarity, growth, integration."
318,"Metaphysical vibration of 318, representing qualities such as growth, integration."
319,"Metaphysical vibration of 319, representing qualities such as integration."
320,"Metaphysical vibration of 320, representing qualities such as wisdom, strength, clarity, growth, integration."
321,"Metaphysical vibration of 321, representing qualities such as strength, clarity, growth, integration."
322,"Metaphysical vibration of 322, representing qualities such as clarity, growth, integration."
323,"Metaphysical vibration of 323, representing qualities such as growth, integration."
324,"Metaphysical vibration of 324, representing qualities such as integration."
325,"Metaphysical vibration of 325, representing qualities such as wisdom, strength, clarity, growth, integration."
326,"Metaphysical vibration of 326, representing qualities such as strength, clarity, growth, integration."
327,"Metaphysical vibration of 327, representing qualities such as clarity, growth, integration."
328,"Metaphysical vibration of 328, representing qualities such as growth, integration."
329,"Metaphysical vibration of 329, representing qualities such as integration."
330,"Metaphysical vibration of 330, representing qualities such as wisdom, strength, clarity, growth, integration."
331,"Metaphysical vibration of 331, representing qualities such as strength, clarity, growth, integration."
332,"Metaphysical vibration of 332, representing qualities such as clarity, growth, integration."
333,"Metaphysical vibration of 333, representing qualities such as growth, integration."
334,"Metaphysical vibration of 334, representing qualities such as integration."
335,"Metaphysical vibration of 335, representing qualities such as wisdom, strength, clarity, growth, integration."
336,"Metaphysical vibration of 336, representing qualities such as strength, clarity, growth, integration."
337,"Metaphysical vibration of 337, representing qualities such as clarity, growth, integration."
338,"Metaphysical vibration of 338, representing qualities such as growth, integration."
339,"Metaphysical vibration of 339, representing qualities such as integration."
340,"Metaphysical vibration of 340, representing qualities such as wisdom, strength, clarity, growth, integration."
341,"Metaphysical vibration of 341, representing qualities such as strength, clarity, growth, integration."
342,"Metaphysical vibration of 342, representing qualities such as clarity, growth, integration."
343,"Metaphysical vibration of 343, representing qualities such as growth, integration."
344,"Metaphysical vibration of 344, representing qualities such as integration."
345,"Metaphysical vibration of 345, representing qualities such as wisdom, strength, clarity, growth, integration."
346,"Metaphysical vibration of 346, representing qualities such as strength, clarity, growth, integration."
347,"Metaphysical vibration of 347, representing qualities such as clarity, growth, integration."
348,"Metaphysical vibration of 348, representing qualities such as growth, integration."
349,"Metaphysical vibration of 349, representing qualities such as integration."
350,"Metaphysical vibration of 350, representing qualities such as wisdom, strength, clarity, growth, integration."
351,"Metaphysical vibration of 351, representing qualities such as strength, clarity, growth, integration."
352,"Metaphysical vibration of 352, representing qualities such as clarity, growth, integration."
353,"Metaphysical vibration of 353, representing qualities such as growth, integration."
354,"Metaphysical vibration of 354, representing qualities such as integration."
355,"Metaphysical vibration of 355, representing qualities such as wisdom, strength, clarity, growth, integration."
356,"Metaphysical vibration of 356, representing qualities such as strength, clarity, growth, integration."
357,"Metaphysical vibration of 357, representing qualities such as clarity, growth, integration."
358,"Metaphysical vibration of 358, representing qualities such as growth, integration."
359,"Metaphysical vibration of 359, representing qualities such as integration."
360,"Metaphysical vibration of 360, representing qualities such as wisdom, strength, clarity, growth, integration."
361,"Metaphysical vibration of 361, representing qualities such as strength, clarity, growth, integration."
362,"Metaphysical vibration of 362, representing qualities such as clarity, growth, integration."
363,"Metaphysical vibration of 363, representing qualities such as growth, integration."
364,"Metaphysical vibration of 364, representing qualities such as integration."
365,"Metaphysical vibration of 365, representing qualities such as wisdom, strength, clarity, growth, integration."
366,"Metaphysical vibration of 366, representing qualities such as strength, clarity, growth, integration."
367,"Metaphysical vibration of 367, representing qualities such as clarity, growth, integration."
368,"Metaphysical vibration of 368, representing qualities such as growth, integration."
369,"Metaphysical vibration of 369, representing qualities such as integration."
370,"Metaphysical vibration of 370, representing qualities such as wisdom, strength, clarity, growth, integration."
371,"Metaphysical vibration of 371, representing qualities such as strength, clarity, growth, integration."
372,"Metaphysical vibration of 372, representing qualities such as clarity, growth, integration."
373,"Metaphysical vibration of 373, representing qualities such as growth, integration."
374,"Metaphysical vibration of 374, representing qualities such as integration."
375,"Metaphysical vibration of 375, representing qualities such as wisdom, strength, clarity, growth, integration."
376,"Metaphysical vibration of 376, representing qualities such as strength, clarity, growth, integration."
377,"Metaphysical vibration of 377, representing qualities such as clarity, growth, integration."
378,"Metaphysical vibration of 378, representing qualities such as growth, integration."
379,"Metaphysical vibration of 379, representing qualities such as integration."
380,"Metaphysical vibration of 380, representing qualities such as wisdom, strength, clarity, growth, integration."
381,"Metaphysical vibration of 381, representing qualities such as strength, clarity, growth, integration."
382,"Metaphysical vibration of 382, representing qualities such as clarity, growth, integration."
383,"Metaphysical vibration of 383, representing qualities such as growth, integration."
384,"Metaphysical vibration of 384, representing qualities such as integration."
385,"Metaphysical vibration of 385, representing qualities such as wisdom, strength, clarity, growth, integration."
386,"Metaphysical vibration of 386, representing qualities such as strength, clarity, growth, integration."
387,"Metaphysical vibration of 387, representing qualities such as clarity, growth, integration."
388,"Metaphysical vibration of 388, representing qualities such as growth, integration."
389,"Metaphysical vibration of 389, representing qualities such as integration."
390,"Metaphysical vibration of 390, representing qualities such as wisdom, strength, clarity, growth, integration."
391,"Metaphysical vibration of 391, representing qualities such as strength, clarity, growth, integration."
392,"Metaphysical vibration of 392, representing qualities such as clarity, growth, integration."
393,"Metaphysical vibration of 393, representing qualities such as growth, integration."
394,"Metaphysical vibration of 394, representing qualities such as integration."
395,"Metaphysical vibration of 395, representing qualities such as wisdom, strength, clarity, growth, integration."
396,"Metaphysical vibration of 396, representing qualities such as strength, clarity, growth, integration."
397,"Metaphysical vibration of 397, representing qualities such as clarity, growth, integration."
398,"Metaphysical vibration of 398, representing qualities such as growth, integration."
399,"Metaphysical vibration of 399, representing qualities such as integration."
400,"Metaphysical vibration of 400, representing qualities such as wisdom, strength, clarity, growth, integration."
401,"Metaphysical vibration of 401, representing qualities such as strength, clarity, growth, integration."
402,"Metaphysical vibration of 402, representing qualities such as clarity, growth, integration."
403,"Metaphysical vibration of 403, representing qualities such as growth, integration."
404,"Metaphysical vibration of 404, representing qualities such as integration."
405,"Metaphysical vibration of 405, representing qualities such as wisdom, strength, clarity, growth, integration."
406,"Metaphysical vibration of 406, representing qualities such as strength, clarity, growth, integration."
407,"Metaphysical vibration of 407, representing qualities such as clarity, growth, integration."
408,"Metaphysical vibration of 408, representing qualities such as growth, integration."
409,"Metaphysical vibration of 409, representing qualities such as integration."
410,"Metaphysical vibration of 410, representing qualities such as wisdom, strength, clarity, growth, integration."
411,"Metaphysical vibration of 411, representing qualities such as strength, clarity, growth, integration."
412,"Metaphysical vibration of 412, representing qualities such as clarity, growth, integration."
413,"Metaphysical vibration of 413, representing qualities such as growth, integration."
414,"Metaphysical vibration of 414, representing qualities such as integration."
415,"Metaphysical vibration of 415, representing qualities such as wisdom, strength, clarity, growth, integration."
416,"Metaphysical vibration of 416, representing qualities such as strength, clarity, growth, integration."
417,"Metaphysical vibration of 417, representing qualities such as clarity, growth, integration."
418,"Metaphysical vibration of 418, representing qualities such as growth, integration."
419,"Metaphysical vibration of 419, representing qualities such as integration."
420,"Metaphysical vibration of 420, representing qualities such as wisdom, strength, clarity, growth, integration."
421,"Metaphysical vibration of 421, representing qualities such as strength, clarity, growth, integration."
422,"Metaphysical vibration of 422, representing qualities such as clarity, growth, integration."
423,"Metaphysical vibration of 423, representing qualities such as growth, integration."
424,"Metaphysical vibration of 424, representing qualities such as integration."
425,"Metaphysical vibration of 425, representing qualities such as wisdom, strength, clarity, growth, integration."
426,"Metaphysical vibration of 426, representing qualities such as strength, clarity, growth, integration."
427,"Metaphysical vibration of 427, representing qualities such as clarity, growth, integration."
428,"Metaphysical vibration of 428, representing qualities such as growth, integration."
429,"Metaphysical vibration of 429, representing qualities such as integration."
430,"Metaphysical vibration of 430, representing qualities such as wisdom, strength, clarity, growth, integration."
431,"Metaphysical vibration of 431, representing qualities such as strength, clarity, growth, integration."
432,"Metaphysical vibration of 432, representing qualities such as clarity, growth, integration."
433,"Metaphysical vibration of 433, representing qualities such as growth, integration."
434,"Metaphysical vibration of 434, representing qualities such as integration."
435,"Metaphysical vibration of 435, representing qualities such as wisdom, strength, clarity, growth, integration."
436,"Metaphysical vibration of 436, representing qualities such as strength, clarity, growth, integration."
437,"Metaphysical vibration of 437, representing qualities such as clarity, growth, integration."
438,"Metaphysical vibration of 438, representing qualities such as growth, integration."
439,"Metaphysical vibration of 439, representing qualities such as integration."
440,"Metaphysical vibration of 440, representing qualities such as wisdom, strength, clarity, growth, integration."
441,"Metaphysical vibration of 441, representing qualities such as strength, clarity, growth, integration."
442,"Metaphysical vibration of 442, representing qualities such as clarity, growth, integration."
443,"Metaphysical vibration of 443, representing qualities such as growth, integration."
444,"Metaphysical vibration of 444, representing qualities such as integration."
445,"Metaphysical vibration of 445, representing qualities such as wisdom, strength, clarity, growth, integration."
446,"Metaphysical vibration of 446, representing qualities such as strength, clarity, growth, integration."
447,"Metaphysical vibration of 447, representing qualities such as clarity, growth, integration."
448,"Metaphysical vibration of 448, representing qualities such as growth, integration."
449,"Metaphysical vibration of 449, representing qualities such as integration."
450,"Metaphysical vibration of 450, representing qualities such as wisdom, strength, clarity, growth, integration."
451,"Metaphysical vibration of 451, representing qualities such as strength, clarity, growth, integration."
452,"Metaphysical vibration of 452, representing qualities such as clarity, growth, integration."
453,"Metaphysical vibration of 453, representing qualities such as growth, integration."
454,"Metaphysical vibration of 454, representing qualities such as integration."
455,"Metaphysical vibration of 455, representing qualities such as wisdom, strength, clarity, growth, integration."
456,"Metaphysical vibration of 456, representing qualities such as strength, clarity, growth, integration."
457,"Metaphysical vibration of 457, representing qualities such as clarity, growth, integration."
458,"Metaphysical vibration of 458, representing qualities such as growth, integration."
459,"Metaphysical vibration of 459, representing qualities such as integration."
460,"Metaphysical vibration of 460, representing qualities such as wisdom, strength, clarity, growth, integration."
461,"Metaphysical vibration of 461, representing qualities such as strength, clarity, growth, integration."
462,"Metaphysical vibration of 462, representing qualities such as clarity, growth, integration."
463,"Metaphysical vibration of 463, representing qualities such as growth, integration."
464,"Metaphysical vibration of 464, representing qualities such as integration."
465,"Metaphysical vibration of 465, representing qualities such as wisdom, strength, clarity, growth, integration."
466,"Metaphysical vibration of 466, representing qualities such as strength, clarity, growth, integration."
467,"Metaphysical vibration of 467, representing qualities such as clarity, growth, integration."
468,"Metaphysical vibration of 468, representing qualities such as growth, integration."
469,"Metaphysical vibration of 469, representing qualities such as integration."
470,"Metaphysical vibration of 470, representing qualities such as wisdom, strength, clarity, growth, integration."
471,"Metaphysical vibration of 471, representing qualities such as strength, clarity, growth, integration."
472,"Metaphysical vibration of 472, representing qualities such as clarity, growth, integration."
473,"Metaphysical vibration of 473, representing qualities such as growth, integration."
474,"Metaphysical vibration of 474, representing qualities such as integration."
475,"Metaphysical vibration of 475, representing qualities such as wisdom, strength, clarity, growth, integration."
476,"Metaphysical vibration of 476, representing qualities such as strength, clarity, growth, integration."
477,"Metaphysical vibration of 477, representing qualities such as clarity, growth, integration."
478,"Metaphysical vibration of 478, representing qualities such as growth, integration."
479,"Metaphysical vibration of 479, representing qualities such as integration."
480,"Metaphysical vibration of 480, representing qualities such as wisdom, strength, clarity, growth, integration."
481,"Metaphysical vibration of 481, representing qualities such as strength, clarity, growth, integration."
482,"Metaphysical vibration of 482, representing qualities such as clarity, growth, integration."
483,"Metaphysical vibration of 483, representing qualities such as growth, integration."
484,"Metaphysical vibration of 484, representing qualities such as integration."
485,"Metaphysical vibration of 485, representing qualities such as wisdom, strength, clarity, growth, integration."
486,"Metaphysical vibration of 486, representing qualities such as strength, clarity, growth, integration."
487,"Metaphysical vibration of 487, representing qualities such as clarity, growth, integration."
488,"Metaphysical vibration of 488, representing qualities such as growth, integration."
489,"Metaphysical vibration of 489, representing qualities such as integration."
490,"Metaphysical vibration of 490, representing qualities such as wisdom, strength, clarity, growth, integration."
491,"Metaphysical vibration of 491, representing qualities such as strength, clarity, growth, integration."
492,"Metaphysical vibration of 492, representing qualities such as clarity, growth, integration."
493,"Metaphysical vibration of 493, representing qualities such as growth, integration."
494,"Metaphysical vibration of 494, representing qualities such as integration."
495,"Metaphysical vibration of 495, representing qualities such as wisdom, strength, clarity, growth, integration."
496,"Metaphysical vibration of 496, representing qualities such as strength, clarity, growth, integration."
497,"Metaphysical vibration of 497, representing qualities such as clarity, growth, integration."
498,"Metaphysical vibration of 498, representing qualities such as growth, integration."
499,"Metaphysical vibration of 499, representing qualities such as integration."
500,"Metaphysical vibration of 500, representing qualities such as wisdom, strength, clarity, growth, integration."
501,"Metaphysical vibration of 501, representing qualities such as strength, clarity, growth, integration."
502,"Metaphysical vibration of 502, representing qualities such as clarity, growth, integration."
503,"Metaphysical vibration of 503, representing qualities such as growth, integration."
504,"Metaphysical vibration of 504, representing qualities such as integration."
505,"Metaphysical vibration of 505, representing qualities such as wisdom, strength, clarity, growth, integration."
506,"Metaphysical vibration of 506, representing qualities such as strength, clarity, growth, integration."
507,"Metaphysical vibration of 507, representing qualities such as clarity, growth, integration."
508,"Metaphysical vibration of 508, representing qualities such as growth, integration."
509,"Metaphysical vibration of 509, representing qualities such as integration."
510,"Metaphysical vibration of 510, representing qualities such as wisdom, strength, clarity, growth, integration."
511,"Metaphysical vibration of 511, representing qualities such as strength, clarity, growth, integration."
512,"Metaphysical vibration of 512, representing qualities such as clarity, growth, integration."
513,"Metaphysical vibration of 513, representing qualities such as growth, integration."
514,"Metaphysical vibration of 514, representing qualities such as integration."
515,"Metaphysical vibration of 515, representing qualities such as wisdom, strength, clarity, growth, integration."
516,"Metaphysical vibration of 516, representing qualities such as strength, clarity, growth, integration."
517,"Metaphysical vibration of 517, representing qualities such as clarity, growth, integration."
518,"Metaphysical vibration of 518, representing qualities such as growth, integration."
519,"Metaphysical vibration of 519, representing qualities such as integration."
520,"Metaphysical vibration of 520, representing qualities such as wisdom, strength, clarity, growth, integration."
521,"Metaphysical vibration of 521, representing qualities such as strength, clarity, growth, integration."
522,"Metaphysical vibration of 522, representing qualities such as clarity, growth, integration."
523,"Metaphysical vibration of 523, representing qualities such as growth, integration."
524,"Metaphysical vibration of 524, representing qualities such as integration."
525,"Metaphysical vibration of 525, representing qualities such as wisdom, strength, clarity, growth, integration."
526,"Metaphysical vibration of 526, representing qualities such as strength, clarity, growth, integration."
527,"Metaphysical vibration of 527, representing qualities such as clarity, growth, integration."
528,"Metaphysical vibration of 528, representing qualities such as growth, integration."
529,"Metaphysical vibration of 529, representing qualities such as integration."
530,"Metaphysical vibration of 530, representing qualities such as wisdom, strength, clarity, growth, integration."
531,"Metaphysical vibration of 531, representing qualities such as strength, clarity, growth, integration."
532,"Metaphysical vibration of 532, representing qualities such as clarity, growth, integration."
533,"Metaphysical vibration of 533, representing qualities such as growth, integration."
534,"Metaphysical vibration of 534, representing qualities such as integration."
535,"Metaphysical vibration of 535, representing qualities such as wisdom, strength, clarity, growth, integration."
536,"Metaphysical vibration of 536, representing qualities such as strength, clarity, growth, integration."
537,"Metaphysical vibration of 537, representing qualities such as clarity, growth, integration."
538,"Metaphysical vibration of 538, representing qualities such as growth, integration."
539,"Metaphysical vibration of 539, representing qualities such as integration."
540,"Metaphysical vibration of 540, representing qualities such as wisdom, strength, clarity, growth, integration."
541,"Metaphysical vibration of 541, representing qualities such as strength, clarity, growth, integration."
542,"Metaphysical vibration of 542, representing qualities such as clarity, growth, integration."
543,"Metaphysical vibration of 543, representing qualities such as growth, integration."
544,"Metaphysical vibration of 544, representing qualities such as integration."
545,"Metaphysical vibration of 545, representing qualities such as wisdom, strength, clarity, growth, integration."
546,"Metaphysical vibration of 546, representing qualities such as strength, clarity, growth, integration."
547,"Metaphysical vibration of 547, representing qualities such as clarity, growth, integration."
548,"Metaphysical vibration of 548, representing qualities such as growth, integration."
549,"Metaphysical vibration of 549, representing qualities such as integration."
550,"Metaphysical vibration of 550, representing qualities such as wisdom, strength, clarity, growth, integration."
551,"Metaphysical vibration of 551, representing qualities such as strength, clarity, growth, integration."
552,"Metaphysical vibration of 552, representing qualities such as clarity, growth, integration."
553,"Metaphysical vibration of 553, representing qualities such as growth, integration."
554,"Metaphysical vibration of 554, representing qualities such as integration."
555,"Metaphysical vibration of 555, representing qualities such as wisdom, strength, clarity, growth, integration."
556,"Metaphysical vibration of 556, representing qualities such as strength, clarity, growth, integration."
557,"Metaphysical vibration of 557, representing qualities such as clarity, growth, integration."
558,"Metaphysical vibration of 558, representing qualities such as growth, integration."
559,"Metaphysical vibration of 559, representing qualities such as integration."
560,"Metaphysical vibration of 560, representing qualities such as wisdom, strength, clarity, growth, integration."
561,"Metaphysical vibration of 561, representing qualities such as strength, clarity, growth, integration."
562,"Metaphysical vibration of 562, representing qualities such as clarity, growth, integration."
563,"Metaphysical vibration of 563, representing qualities such as growth, integration."
564,"Metaphysical vibration of 564, representing qualities such as integration."
565,"Metaphysical vibration of 565, representing qualities such as wisdom, strength, clarity, growth, integration."
566,"Metaphysical vibration of 566, representing qualities such as strength, clarity, growth, integration."
567,"Metaphysical vibration of 567, representing qualities such as clarity, growth, integration."
568,"Metaphysical vibration of 568, representing qualities such as growth, integration."
569,"Metaphysical vibration of 569, representing qualities such as integration."
570,"Metaphysical vibration of 570, representing qualities such as wisdom, strength, clarity, growth, integration."
571,"Metaphysical vibration of 571, representing qualities such as strength, clarity, growth, integration."
572,"Metaphysical vibration of 572, representing qualities such as clarity, growth, integration."
573,"Metaphysical vibration of 573, representing qualities such as growth, integration."
574,"Metaphysical vibration of 574, representing qualities such as integration."
575,"Metaphysical vibration of 575, representing qualities such as wisdom, strength, clarity, growth, integration."
576,"Metaphysical vibration of 576, representing qualities such as strength, clarity, growth, integration."
577,"Metaphysical vibration of 577, representing qualities such as clarity, growth, integration."
578,"Metaphysical vibration of 578, representing qualities such as growth, integration."
579,"Metaphysical vibration of 579, representing qualities such as integration."
580,"Metaphysical vibration of 580, representing qualities such as wisdom, strength, clarity, growth, integration."
581,"Metaphysical vibration of 581, representing qualities such as strength, clarity, growth, integration."
582,"Metaphysical vibration of 582, representing qualities such as clarity, growth, integration."
583,"Metaphysical vibration of 583, representing qualities such as growth, integration."
584,"Metaphysical vibration of 584, representing qualities such as integration."
585,"Metaphysical vibration of 585, representing qualities such as wisdom, strength, clarity, growth, integration."
586,"Metaphysical vibration of 586, representing qualities such as strength, clarity, growth, integration."
587,"Metaphysical vibration of 587, representing qualities such as clarity, growth, integration."
588,"Metaphysical vibration of 588, representing qualities such as growth, integration."
589,"Metaphysical vibration of 589, representing qualities such as integration."
590,"Metaphysical vibration of 590, representing qualities such as wisdom, strength, clarity, growth, integration."
591,"Metaphysical vibration of 591, representing qualities such as strength, clarity, growth, integration."
592,"Metaphysical vibration of 592, representing qualities such as clarity, growth, integration."
593,"Metaphysical vibration of 593, representing qualities such as growth, integration."
594,"Metaphysical vibration of 594, representing qualities such as integration."
595,"Metaphysical vibration of 595, representing qualities such as wisdom, strength, clarity, growth, integration."
596,"Metaphysical vibration of 596, representing qualities such as strength, clarity, growth, integration."
597,"Metaphysical vibration of 597, representing qualities such as clarity, growth, integration."
598,"Metaphysical vibration of 598, representing qualities such as growth, integration."
599,"Metaphysical vibration of 599, representing qualities such as integration."
600,"Metaphysical vibration of 600, representing qualities such as wisdom, strength, clarity, growth, integration."
601,"Metaphysical vibration of 601, representing qualities such as strength, clarity, growth, integration."
602,"Metaphysical vibration of 602, representing qualities such as clarity, growth, integration."
603,"Metaphysical vibration of 603, representing qualities such as growth, integration."
604,"Metaphysical vibration of 604, representing qualities such as integration."
605,"Metaphysical vibration of 605, representing qualities such as wisdom, strength, clarity, growth, integration."
606,"Metaphysical vibration of 606, representing qualities such as strength, clarity, growth, integration."
607,"Metaphysical vibration of 607, representing qualities such as clarity, growth, integration."
608,"Metaphysical vibration of 608, representing qualities such as growth, integration."
609,"Metaphysical vibration of 609, representing qualities such as integration."
610,"Metaphysical vibration of 610, representing qualities such as wisdom, strength, clarity, growth, integration."
611,"Metaphysical vibration of 611, representing qualities such as strength, clarity, growth, integration."
612,"Metaphysical vibration of 612, representing qualities such as clarity, growth, integration."
613,"Metaphysical vibration of 613, representing qualities such as growth, integration."
614,"Metaphysical vibration of 614, representing qualities such as integration."
615,"Metaphysical vibration of 615, representing qualities such as wisdom, strength, clarity, growth, integration."
616,"Metaphysical vibration of 616, representing qualities such as strength, clarity, growth, integration."
617,"Metaphysical vibration of 617, representing qualities such as clarity, growth, integration."
618,"Metaphysical vibration of 618, representing qualities such as growth, integration."
619,"Metaphysical vibration of 619, representing qualities such as integration."
620,"Metaphysical vibration of 620, representing qualities such as wisdom, strength, clarity, growth, integration."
621,"Metaphysical vibration of 621, representing qualities such as strength, clarity, growth, integration."
622,"Metaphysical vibration of 622, representing qualities such as clarity, growth, integration."
623,"Metaphysical vibration of 623, representing qualities such as growth, integration."
624,"Metaphysical vibration of 624, representing qualities such as integration."
625,"Metaphysical vibration of 625, representing qualities such as wisdom, strength, clarity, growth, integration."
626,"Metaphysical vibration of 626, representing qualities such as strength, clarity, growth, integration."
627,"Metaphysical vibration of 627, representing qualities such as clarity, growth, integration."
628,"Metaphysical vibration of 628, representing qualities such as growth, integration."
629,"Metaphysical vibration of 629, representing qualities such as integration."
630,"Metaphysical vibration of 630, representing qualities such as wisdom, strength, clarity, growth, integration."
631,"Metaphysical vibration of 631, representing qualities such as strength, clarity, growth, integration."
632,"Metaphysical vibration of 632, representing qualities such as clarity, growth, integration."
633,"Metaphysical vibration of 633, representing qualities such as growth, integration."
634,"Metaphysical vibration of 634, representing qualities such as integration."
635,"Metaphysical vibration of 635, representing qualities such as wisdom, strength, clarity, growth, integration."
636,"Metaphysical vibration of 636, representing qualities such as strength, clarity, growth, integration."
637,"Metaphysical vibration of 637, representing qualities such as clarity, growth, integration."
638,"Metaphysical vibration of 638, representing qualities such as growth, integration."
639,"Metaphysical vibration of 639, representing qualities such as integration."
640,"Metaphysical vibration of 640, representing qualities such as wisdom, strength, clarity, growth, integration."
641,"Metaphysical vibration of 641, representing qualities such as strength, clarity, growth, integration."
642,"Metaphysical vibration of 642, representing qualities such as clarity, growth, integration."
643,"Metaphysical vibration of 643, representing qualities such as growth, integration."
644,"Metaphysical vibration of 644, representing qualities such as integration."
645,"Metaphysical vibration of 645, representing qualities such as wisdom, strength, clarity, growth, integration."
646,"Metaphysical vibration of 646, representing qualities such as strength, clarity, growth, integration."
647,"Metaphysical vibration of 647, representing qualities such as clarity, growth, integration."
648,"Metaphysical vibration of 648, representing qualities such as growth, integration."
649,"Metaphysical vibration of 649, representing qualities such as integration."
650,"Metaphysical vibration of 650, representing qualities such as wisdom, strength, clarity, growth, integration."
651,"Metaphysical vibration of 651, representing qualities such as strength, clarity, growth, integration."
652,"Metaphysical vibration of 652, representing qualities such as clarity, growth, integration."
653,"Metaphysical vibration of 653, representing qualities such as growth, integration."
654,"Metaphysical vibration of 654, representing qualities such as integration."
655,"Metaphysical vibration of 655, representing qualities such as wisdom, strength, clarity, growth, integration."
656,"Metaphysical vibration of 656, representing qualities such as strength, clarity, growth, integration."
657,"Metaphysical vibration of 657, representing qualities such as clarity, growth, integration."
658,"Metaphysical vibration of 658, representing qualities such as growth, integration."
659,"Metaphysical vibration of 659, representing qualities such as integration."
660,"Metaphysical vibration of 660, representing qualities such as wisdom, strength, clarity, growth, integration."
661,"Metaphysical vibration of 661, representing qualities such as strength, clarity, growth, integration."
662,"Metaphysical vibration of 662, representing qualities such as clarity, growth, integration."
663,"Metaphysical vibration of 663, representing qualities such as growth, integration."
664,"Metaphysical vibration of 664, representing qualities such as integration."
665,"Metaphysical vibration of 665, representing qualities such as wisdom, strength, clarity, growth, integration."
666,"Metaphysical vibration of 666, representing qualities such as strength, clarity, growth, integration."
667,"Metaphysical vibration of 667, representing qualities such as clarity, growth, integration."
668,"Metaphysical vibration of 668, representing qualities such as growth, integration."
669,"Metaphysical vibration of 669, representing qualities such as integration."
670,"Metaphysical vibration of 670, representing qualities such as wisdom, strength, clarity, growth, integration."
671,"Metaphysical vibration of 671, representing qualities such as strength, clarity, growth, integration."
672,"Metaphysical vibration of 672, representing qualities such as clarity, growth, integration."
673,"Metaphysical vibration of 673, representing qualities such as growth, integration."
674,"Metaphysical vibration of 674, representing qualities such as integration."
675,"Metaphysical vibration of 675, representing qualities such as wisdom, strength, clarity, growth, integration."
676,"Metaphysical vibration of 676, representing qualities such as strength, clarity, growth, integration."
677,"Metaphysical vibration of 677, representing qualities such as clarity, growth, integration."
678,"Metaphysical vibration of 678, representing qualities such as growth, integration."
679,"Metaphysical vibration of 679, representing qualities such as integration."
680,"Metaphysical vibration of 680, representing qualities such as wisdom, strength, clarity, growth, integration."
681,"Metaphysical vibration of 681, representing qualities such as strength, clarity, growth, integration."
682,"Metaphysical vibration of 682, representing qualities such as clarity, growth, integration."
683,"Metaphysical vibration of 683, representing qualities such as growth, integration."
684,"Metaphysical vibration of 684, representing qualities such as integration."
685,"Metaphysical vibration of 685, representing qualities such as wisdom, strength, clarity, growth, integration."
686,"Metaphysical vibration of 686, representing qualities such as strength, clarity, growth, integration."
687,"Metaphysical vibration of 687, representing qualities such as clarity, growth, integration."
688,"Metaphysical vibration of 688, representing qualities such as growth, integration."
689,"Metaphysical vibration of 689, representing qualities such as integration."
690,"Metaphysical vibration of 690, representing qualities such as wisdom, strength, clarity, growth, integration."
691,"Metaphysical vibration of 691, representing qualities such as strength, clarity, growth, integration."
692,"Metaphysical vibration of 692, representing qualities such as clarity, growth, integration."
693,"Metaphysical vibration of 693, representing qualities such as growth, integration."
694,"Metaphysical vibration of 694, representing qualities such as integration."
695,"Metaphysical vibration of 695, representing qualities such as wisdom, strength, clarity, growth, integration."
696,"Metaphysical vibration of 696, representing qualities such as strength, clarity, growth, integration."
697,"Metaphysical vibration of 697, representing qualities such as clarity, growth, integration."
698,"Metaphysical vibration of 698, representing qualities such as growth, integration."
699,"Metaphysical vibration of 699, representing qualities such as integration."
700,"Metaphysical vibration of 700, representing qualities such as wisdom, strength, clarity, growth, integration."
701,"Metaphysical vibration of 701, representing qualities such as strength, clarity, growth, integration."
702,"Metaphysical vibration of 702, representing qualities such as clarity, growth, integration."
703,"Metaphysical vibration of 703, representing qualities such as growth, integration."
704,"Metaphysical vibration of 704, representing qualities such as integration."
705,"Metaphysical vibration of 705, representing qualities such as wisdom, strength, clarity, growth, integration."
706,"Metaphysical vibration of 706, representing qualities such as strength, clarity, growth, integration."
707,"Metaphysical vibration of 707, representing qualities such as clarity, growth, integration."
708,"Metaphysical vibration of 708, representing qualities such as growth, integration."
709,"Metaphysical vibration of 709, representing qualities such as integration."
710,"Metaphysical vibration of 710, representing qualities such as wisdom, strength, clarity, growth, integration."
711,"Metaphysical vibration of 711, representing qualities such as strength, clarity, growth, integration."
712,"Metaphysical vibration of 712, representing qualities such as clarity, growth, integration."
713,"Metaphysical vibration of 713, representing qualities such as growth, integration."
714,"Metaphysical vibration of 714, representing qualities such as integration."
715,"Metaphysical vibration of 715, representing qualities such as wisdom, strength, clarity, growth, integration."
716,"Metaphysical vibration of 716, representing qualities such as strength, clarity, growth, integration."
717,"Metaphysical vibration of 717, representing qualities such as clarity, growth, integration."
718,"Metaphysical vibration of 718, representing qualities such as growth, integration."
719,"Metaphysical vibration of 719, representing qualities such as integration."
720,"Metaphysical vibration of 720, representing qualities such as wisdom, strength, clarity, growth, integration."
721,"Metaphysical vibration of 721, representing qualities such as strength, clarity, growth, integration."
722,"Metaphysical vibration of 722, representing qualities such as clarity, growth, integration."
723,"Metaphysical vibration of 723, representing qualities such as growth, integration."
724,"Metaphysical vibration of 724, representing qualities such as integration."
725,"Metaphysical vibration of 725, representing qualities such as wisdom, strength, clarity, growth, integration."
726,"Metaphysical vibration of 726, representing qualities such as strength, clarity, growth, integration."
727,"Metaphysical vibration of 727, representing qualities such as clarity, growth, integration."
728,"Metaphysical vibration of 728, representing qualities such as growth, integration."
729,"Metaphysical vibration of 729, representing qualities such as integration."
730,"Metaphysical vibration of 730, representing qualities such as wisdom, strength, clarity, growth, integration."
731,"Metaphysical vibration of 731, representing qualities such as strength, clarity, growth, integration."
732,"Metaphysical vibration of 732, representing qualities such as clarity, growth, integration."
733,"Metaphysical vibration of 733, representing qualities such as growth, integration."
734,"Metaphysical vibration of 734, representing qualities such as integration."
735,"Metaphysical vibration of 735, representing qualities such as wisdom, strength, clarity, growth, integration."
736,"Metaphysical vibration of 736, representing qualities such as strength, clarity, growth, integration."
737,"Metaphysical vibration of 737, representing qualities such as clarity, growth, integration."
738,"Metaphysical vibration of 738, representing qualities such as growth, integration."
739,"Metaphysical vibration of 739, representing qualities such as integration."
740,"Metaphysical vibration of 740, representing qualities such as wisdom, strength, clarity, growth, integration."
741,"Metaphysical vibration of 741, representing qualities such as strength, clarity, growth, integration."
742,"Metaphysical vibration of 742, representing qualities such as clarity, growth, integration."
743,"Metaphysical vibration of 743, representing qualities such as growth, integration."
744,"Metaphysical vibration of 744, representing qualities such as integration."
745,"Metaphysical vibration of 745, representing qualities such as wisdom, strength, clarity, growth, integration."
746,"Metaphysical vibration of 746, representing qualities such as strength, clarity, growth, integration."
747,"Metaphysical vibration of 747, representing qualities such as clarity, growth, integration."
748,"Metaphysical vibration of 748, representing qualities such as growth, integration."
749,"Metaphysical vibration of 749, representing qualities such as integration."
750,"Metaphysical vibration of 750, representing qualities such as wisdom, strength, clarity, growth, integration."
751,"Metaphysical vibration of 751, representing qualities such as strength, clarity, growth, integration."
752,"Metaphysical vibration of 752, representing qualities such as clarity, growth, integration."
753,"Metaphysical vibration of 753, representing qualities such as growth, integration."
754,"Metaphysical vibration of 754, representing qualities such as integration."
755,"Metaphysical vibration of 755, representing qualities such as wisdom, strength, clarity, growth, integration."
756,"Metaphysical vibration of 756, representing qualities such as strength, clarity, growth, integration."
757,"Metaphysical vibration of 757, representing qualities such as clarity, growth, integration."
758,"Metaphysical vibration of 758, representing qualities such as growth, integration."
759,"Metaphysical vibration of 759, representing qualities such as integration."
760,"Metaphysical vibration of 760, representing qualities such as wisdom, strength, clarity, growth, integration."
761,"Metaphysical vibration of 761, representing qualities such as strength, clarity, growth, integration."
762,"Metaphysical vibration of 762, representing qualities such as clarity, growth, integration."
763,"Metaphysical vibration of 763, representing qualities such as growth, integration."
764,"Metaphysical vibration of 764, representing qualities such as integration."
765,"Metaphysical vibration of 765, representing qualities such as wisdom, strength, clarity, growth, integration."
766,"Metaphysical vibration of 766, representing qualities such as strength, clarity, growth, integration."
767,"Metaphysical vibration of 767, representing qualities such as clarity, growth, integration."
768,"Metaphysical vibration of 768, representing qualities such as growth, integration."
769,"Metaphysical vibration of 769, representing qualities such as integration."
770,"Metaphysical vibration of 770, representing qualities such as wisdom, strength, clarity, growth, integration."
771,"Metaphysical vibration of 771, representing qualities such as strength, clarity, growth, integration."
772,"Metaphysical vibration of 772, representing qualities such as clarity, growth, integration."
773,"Metaphysical vibration of 773, representing qualities such as growth, integration."
774,"Metaphysical vibration of 774, representing qualities such as integration."
775,"Metaphysical vibration of 775, representing qualities such as wisdom, strength, clarity, growth, integration."
776,"Metaphysical vibration of 776, representing qualities such as strength, clarity, growth, integration."
777,"Metaphysical vibration of 777, representing qualities such as clarity, growth, integration."
778,"Metaphysical vibration of 778, representing qualities such as growth, integration."
779,"Metaphysical vibration of 779, representing qualities such as integration."
780,"Metaphysical vibration of 780, representing qualities such as wisdom, strength, clarity, growth, integration."
781,"Metaphysical vibration of 781, representing qualities such as strength, clarity, growth, integration."
782,"Metaphysical vibration of 782, representing qualities such as clarity, growth, integration."
783,"Metaphysical vibration of 783, representing qualities such as growth, integration."
784,"Metaphysical vibration of 784, representing qualities such as integration."
785,"Metaphysical vibration of 785, representing qualities such as wisdom, strength, clarity, growth, integration."
786,"Metaphysical vibration of 786, representing qualities such as strength, clarity, growth, integration."
787,"Metaphysical vibration of 787, representing qualities such as clarity, growth, integration."
788,"Metaphysical vibration of 788, representing qualities such as growth, integration."
789,"Metaphysical vibration of 789, representing qualities such as integration."
790,"Metaphysical vibration of 790, representing qualities such as wisdom, strength, clarity, growth, integration."
791,"Metaphysical vibration of 791, representing qualities such as strength, clarity, growth, integration."
792,"Metaphysical vibration of 792, representing qualities such as clarity, growth, integration."
793,"Metaphysical vibration of 793, representing qualities such as growth, integration."
794,"Metaphysical vibration of 794, representing qualities such as integration."
795,"Metaphysical vibration of 795, representing qualities such as wisdom, strength, clarity, growth, integration."
796,"Metaphysical vibration of 796, representing qualities such as strength, clarity, growth, integration."
797,"Metaphysical vibration of 797, representing qualities such as clarity, growth, integration."
798,"Metaphysical vibration of 798, representing qualities such as growth, integration."
799,"Metaphysical vibration of 799, representing qualities such as integration."
800,"Metaphysical vibration of 800, representing qualities such as wisdom, strength, clarity, growth, integration."
801,"Metaphysical vibration of 801, representing qualities such as strength, clarity, growth, integration."
802,"Metaphysical vibration of 802, representing qualities such as clarity, growth, integration."
803,"Metaphysical vibration of 803, representing qualities such as growth, integration."
804,"Metaphysical vibration of 804, representing qualities such as integration."
805,"Metaphysical vibration of 805, representing qualities such as wisdom, strength, clarity, growth, integration."
806,"Metaphysical vibration of 806, representing qualities such as strength, clarity, growth, integration."
807,"Metaphysical vibration of 807, representing qualities such as clarity, growth, integration."
808,"Metaphysical vibration of 808, representing qualities such as growth, integration."
809,"Metaphysical vibration of 809, representing qualities such as integration."
810,"Metaphysical vibration of 810, representing qualities such as wisdom, strength, clarity, growth, integration."
811,"Metaphysical vibration of 811, representing qualities such as strength, clarity, growth, integration."
812,"Metaphysical vibration of 812, representing qualities such as clarity, growth, integration."
813,"Metaphysical vibration of 813, representing qualities such as growth, integration."
814,"Metaphysical vibration of 814, representing qualities such as integration."
815,"Metaphysical vibration of 815, representing qualities such as wisdom, strength, clarity, growth, integration."
816,"Metaphysical vibration of 816, representing qualities such as strength, clarity, growth, integration."
817,"Metaphysical vibration of 817, representing qualities such as clarity, growth, integration."
818,"Metaphysical vibration of 818, representing qualities such as growth, integration."
819,"Metaphysical vibration of 819, representing qualities such as integration."
820,"Metaphysical vibration of 820, representing qualities such as wisdom, strength, clarity, growth, integration."
821,"Metaphysical vibration of 821, representing qualities such as strength, clarity, growth, integration."
822,"Metaphysical vibration of 822, representing qualities such as clarity, growth, integration."
823,"Metaphysical vibration of 823, representing qualities such as growth, integration."
824,"Metaphysical vibration of 824, representing qualities such as integration."
825,"Metaphysical vibration of 825, representing qualities such as wisdom, strength, clarity, growth, integration."
826,"Metaphysical vibration of 826, representing qualities such as strength, clarity, growth, integration."
827,"Metaphysical vibration of 827, representing qualities such as clarity, growth, integration."
828,"Metaphysical vibration of 828, representing qualities such as growth, integration."
829,"Metaphysical vibration of 829, representing qualities such as integration."
830,"Metaphysical vibration of 830, representing qualities such as wisdom, strength, clarity, growth, integration."
831,"Metaphysical vibration of 831, representing qualities such as strength, clarity, growth, integration."
832,"Metaphysical vibration of 832, representing qualities such as clarity, growth, integration."
833,"Metaphysical vibration of 833, representing qualities such as growth, integration."
834,"Metaphysical vibration of 834, representing qualities such as integration."
835,"Metaphysical vibration of 835, representing qualities such as wisdom, strength, clarity, growth, integration."
836,"Metaphysical vibration of 836, representing qualities such as strength, clarity, growth, integration."
837,"Metaphysical vibration of 837, representing qualities such as clarity, growth, integration."
838,"Metaphysical vibration of 838, representing qualities such as growth, integration."
839,"Metaphysical vibration of 839, representing qualities such as integration."
840,"Metaphysical vibration of 840, representing qualities such as wisdom, strength, clarity, growth, integration."
841,"Metaphysical vibration of 841, representing qualities such as strength, clarity, growth, integration."
842,"Metaphysical vibration of 842, representing qualities such as clarity, growth, integration."
843,"Metaphysical vibration of 843, representing qualities such as growth, integration."
844,"Metaphysical vibration of 844, representing qualities such as integration."
845,"Metaphysical vibration of 845, representing qualities such as wisdom, strength, clarity, growth, integration."
846,"Metaphysical vibration of 846, representing qualities such as strength, clarity, growth, integration."
847,"Metaphysical vibration of 847, representing qualities such as clarity, growth, integration."
848,"Metaphysical vibration of 848, representing qualities such as growth, integration."
849,"Metaphysical vibration of 849, representing qualities such as integration."
850,"Metaphysical vibration of 850, representing qualities such as wisdom, strength, clarity, growth, integration."
851,"Metaphysical vibration of 851, representing qualities such as strength, clarity, growth, integration."
852,"Metaphysical vibration of 852, representing qualities such as clarity, growth, integration."
853,"Metaphysical vibration of 853, representing qualities such as growth, integration."
854,"Metaphysical vibration of 854, representing qualities such as integration."
855,"Metaphysical vibration of 855, representing qualities such as wisdom, strength, clarity, growth, integration."
856,"Metaphysical vibration of 856, representing qualities such as strength, clarity, growth, integration."
857,"Metaphysical vibration of 857, representing qualities such as clarity, growth, integration."
858,"Metaphysical vibration of 858, representing qualities such as growth, integration."
859,"Metaphysical vibration of 859, representing qualities such as integration."
860,"Metaphysical vibration of 860, representing qualities such as wisdom, strength, clarity, growth, integration."
861,"Metaphysical vibration of 861, representing qualities such as strength, clarity, growth, integration."
862,"Metaphysical vibration of 862, representing qualities such as clarity, growth, integration."
863,"Metaphysical vibration of 863, representing qualities such as growth, integration."
864,"Metaphysical vibration of 864, representing qualities such as integration."
865,"Metaphysical vibration of 865, representing qualities such as wisdom, strength, clarity, growth, integration."
866,"Metaphysical vibration of 866, representing qualities such as strength, clarity, growth, integration."
867,"Metaphysical vibration of 867, representing qualities such as clarity, growth, integration."
868,"Metaphysical vibration of 868, representing qualities such as growth, integration."
869,"Metaphysical vibration of 869, representing qualities such as integration."
870,"Metaphysical vibration of 870, representing qualities such as wisdom, strength, clarity, growth, integration."
871,"Metaphysical vibration of 871, representing qualities such as strength, clarity, growth, integration."
872,"Metaphysical vibration of 872, representing qualities such as clarity, growth, integration."
873,"Metaphysical vibration of 873, representing qualities such as growth, integration."
874,"Metaphysical vibration of 874, representing qualities such as integration."
875,"Metaphysical vibration of 875, representing qualities such as wisdom, strength, clarity, growth, integration."
876,"Metaphysical vibration of 876, representing qualities such as strength, clarity, growth, integration."
877,"Metaphysical vibration of 877, representing qualities such as clarity, growth, integration."
878,"Metaphysical vibration of 878, representing qualities such as growth, integration."
879,"Metaphysical vibration of 879, representing qualities such as integration."
880,"Metaphysical vibration of 880, representing qualities such as wisdom, strength, clarity, growth, integration."
881,"Metaphysical vibration of 881, representing qualities such as strength, clarity, growth, integration."
882,"Metaphysical vibration of 882, representing qualities such as clarity, growth, integration."
883,"Metaphysical vibration of 883, representing qualities such as growth, integration."
884,"Metaphysical vibration of 884, representing qualities such as integration."
885,"Metaphysical vibration of 885, representing qualities such as wisdom, strength, clarity, growth, integration."
886,"Metaphysical vibration of 886, representing qualities such as strength, clarity, growth, integration."
887,"Metaphysical vibration of 887, representing qualities such as clarity, growth, integration."
888,"Metaphysical vibration of 888, representing qualities such as growth, integration."
889,"Metaphysical vibration of 889, representing qualities such as integration."
890,"Metaphysical vibration of 890, representing qualities such as wisdom, strength, clarity, growth, integration."
891,"Metaphysical vibration of 891, representing qualities such as strength, clarity, growth, integration."
892,"Metaphysical vibration of 892, representing qualities such as clarity, growth, integration."
893,"Metaphysical vibration of 893, representing qualities such as growth, integration."
894,"Metaphysical vibration of 894, representing qualities such as integration."
895,"Metaphysical vibration of 895, representing qualities such as wisdom, strength, clarity, growth, integration."
896,"Metaphysical vibration of 896, representing qualities such as strength, clarity, growth, integration."
897,"Metaphysical vibration of 897, representing qualities such as clarity, growth, integration."
898,"Metaphysical vibration of 898, representing qualities such as growth, integration."
899,"Metaphysical vibration of 899, representing qualities such as integration."
900,"Metaphysical vibration of 900, representing qualities such as wisdom, strength, clarity, growth, integration."
901,"Metaphysical vibration of 901, representing qualities such as strength, clarity, growth, integration."
902,"Metaphysical vibration of 902, representing qualities such as clarity, growth, integration."
903,"Metaphysical vibration of 903, representing qualities such as growth, integration."
904,"Metaphysical vibration of 904, representing qualities such as integration."
905,"Metaphysical vibration of 905, representing qualities such as wisdom, strength, clarity, growth, integration."
906,"Metaphysical vibration of 906, representing qualities such as strength, clarity, growth, integration."
907,"Metaphysical vibration of 907, representing qualities such as clarity, growth, integration."
908,"Metaphysical vibration of 908, representing qualities such as growth, integration."
909,"Metaphysical vibration of 909, representing qualities such as integration."
910,"Metaphysical vibration of 910, representing qualities such as wisdom, strength, clarity, growth, integration."
911,"Metaphysical vibration of 911, representing qualities such as strength, clarity, growth, integration."
912,"Metaphysical vibration of 912, representing qualities such as clarity, growth, integration."
913,"Metaphysical vibration of 913, representing qualities such as growth, integration."
914,"Metaphysical vibration of 914, representing qualities such as integration."
915,"Metaphysical vibration of 915, representing qualities such as wisdom, strength, clarity, growth, integration."
916,"Metaphysical vibration of 916, representing qualities such as strength, clarity, growth, integration."
917,"Metaphysical vibration of 917, representing qualities such as clarity, growth, integration."
918,"Metaphysical vibration of 918, representing qualities such as growth, integration."
919,"Metaphysical vibration of 919, representing qualities such as integration."
920,"Metaphysical vibration of 920, representing qualities such as wisdom, strength, clarity, growth, integration."
921,"Metaphysical vibration of 921, representing qualities such as strength, clarity, growth, integration."
922,"Metaphysical vibration of 922, representing qualities such as clarity, growth, integration."
923,"Metaphysical vibration of 923, representing qualities such as growth, integration."
924,"Metaphysical vibration of 924, representing qualities such as integration."
925,"Metaphysical vibration of 925, representing qualities such as wisdom, strength, clarity, growth, integration."
926,"Metaphysical vibration of 926, representing qualities such as strength, clarity, growth, integration."
927,"Metaphysical vibration of 927, representing qualities such as clarity, growth, integration."
928,"Metaphysical vibration of 928, representing qualities such as growth, integration."
929,"Metaphysical vibration of 929, representing qualities such as integration."
930,"Metaphysical vibration of 930, representing qualities such as wisdom, strength, clarity, growth, integration."
931,"Metaphysical vibration of 931, representing qualities such as strength, clarity, growth, integration."
932,"Metaphysical vibration of 932, representing qualities such as clarity, growth, integration."
933,"Metaphysical vibration of 933, representing qualities such as growth, integration."
934,"Metaphysical vibration of 934, representing qualities such as integration."
935,"Metaphysical vibration of 935, representing qualities such as wisdom, strength, clarity, growth, integration."
936,"Metaphysical vibration of 936, representing qualities such as strength, clarity, growth, integration."
937,"Metaphysical vibration of 937, representing qualities such as clarity, growth, integration."
938,"Metaphysical vibration of 938, representing qualities such as growth, integration."
939,"Metaphysical vibration of 939, representing qualities such as integration."
940,"Metaphysical vibration of 940, representing qualities such as wisdom, strength, clarity, growth, integration."
941,"Metaphysical vibration of 941, representing qualities such as strength, clarity, growth, integration."
942,"Metaphysical vibration of 942, representing qualities such as clarity, growth, integration."
943,"Metaphysical vibration of 943, representing qualities such as growth, integration."
944,"Metaphysical vibration of 944, representing qualities such as integration."
945,"Metaphysical vibration of 945, representing qualities such as wisdom, strength, clarity, growth, integration."
946,"Metaphysical vibration of 946, representing qualities such as strength, clarity, growth, integration."
947,"Metaphysical vibration of 947, representing qualities such as clarity, growth, integration."
948,"Metaphysical vibration of 948, representing qualities such as growth, integration."
949,"Metaphysical vibration of 949, representing qualities such as integration."
950,"Metaphysical vibration of 950, representing qualities such as wisdom, strength, clarity, growth, integration."
951,"Metaphysical vibration of 951, representing qualities such as strength, clarity, growth, integration."
952,"Metaphysical vibration of 952, representing qualities such as clarity, growth, integration."
953,"Metaphysical vibration of 953, representing qualities such as growth, integration."
954,"Metaphysical vibration of 954, representing qualities such as integration."
955,"Metaphysical vibration of 955, representing qualities such as wisdom, strength, clarity, growth, integration."
956,"Metaphysical vibration of 956, representing qualities such as strength, clarity, growth, integration."
957,"Metaphysical vibration of 957, representing qualities such as clarity, growth, integration."
958,"Metaphysical vibration of 958, representing qualities such as growth, integration."
959,"Metaphysical vibration of 959, representing qualities such as integration."
960,"Metaphysical vibration of 960, representing qualities such as wisdom, strength, clarity, growth, integration."
961,"Metaphysical vibration of 961, representing qualities such as strength, clarity, growth, integration."
962,"Metaphysical vibration of 962, representing qualities such as clarity, growth, integration."
963,"Metaphysical vibration of 963, representing qualities such as growth, integration."
964,"Metaphysical vibration of 964, representing qualities such as integration."
965,"Metaphysical vibration of 965, representing qualities such as wisdom, strength, clarity, growth, integration."
966,"Metaphysical vibration of 966, representing qualities such as strength, clarity, growth, integration."
967,"Metaphysical vibration of 967, representing qualities such as clarity, growth, integration."
968,"Metaphysical vibration of 968, representing qualities such as growth, integration."
969,"Metaphysical vibration of 969, representing qualities such as integration."
970,"Metaphysical vibration of 970, representing qualities such as wisdom, strength, clarity, growth, integration."
971,"Metaphysical vibration of 971, representing qualities such as strength, clarity, growth, integration."
972,"Metaphysical vibration of 972, representing qualities such as clarity, growth, integration."
973,"Metaphysical vibration of 973, representing qualities such as growth, integration."
974,"Metaphysical vibration of 974, representing qualities such as integration."
975,"Metaphysical vibration of 975, representing qualities such as wisdom, strength, clarity, growth, integration."
976,"Metaphysical vibration of 976, representing qualities such as strength, clarity, growth, integration."
977,"Metaphysical vibration of 977, representing qualities such as clarity, growth, integration."
978,"Metaphysical vibration of 978, representing qualities such as growth, integration."
979,"Metaphysical vibration of 979, representing qualities such as integration."
980,"Metaphysical vibration of 980, representing qualities such as wisdom, strength, clarity, growth, integration."
981,"Metaphysical vibration of 981, representing qualities such as strength, clarity, growth, integration."
982,"Metaphysical vibration of 982, representing qualities such as clarity, growth, integration."
983,"Metaphysical vibration of 983, representing qualities such as growth, integration."
984,"Metaphysical vibration of 984, representing qualities such as integration."
985,"Metaphysical vibration of 985, representing qualities such as wisdom, strength, clarity, growth, integration."
986,"Metaphysical vibration of 986, representing qualities such as strength, clarity, growth, integration."
987,"Metaphysical vibration of 987, representing qualities such as clarity, growth, integration."
988,"Metaphysical vibration of 988, representing qualities such as growth, integration."
989,"Metaphysical vibration of 989, representing qualities such as integration."
990,"Metaphysical vibration of 990, representing qualities such as wisdom, strength, clarity, growth, integration."
991,"Metaphysical vibration of 991, representing qualities such as strength, clarity, growth, integration."
992,"Metaphysical vibration of 992, representing qualities such as clarity, growth, integration."
993,"Metaphysical vibration of 993, representing qualities such as growth, integration."
994,"Metaphysical vibration of 994, representing qualities such as integration."
995,"Metaphysical vibration of 995, representing qualities such as wisdom, strength, clarity, growth, integration."
996,"Metaphysical vibration of 996, representing qualities such as strength, clarity, growth, integration."
997,"Metaphysical vibration of 997, representing qualities such as clarity, growth, integration."
998,"Metaphysical vibration of 998, representing qualities such as growth, integration."
999,"Metaphysical vibration of 999, representing qualities such as integration."
